Workbook

Sheet Line productivity
A1: Date | B1: Product | C1: Batch | D1: Operator | E1: Start Time | F1: End Time | G1: Min Batch Time
A2: 45533 | B2: OR-600 | C2: 422111 | D2: Mac | E2: 0.49305556 | F2: 0.58680556 | G2: =INDEX(Products!D:D, MATCH(Table1[[#This Row],[Product]],Products!A:A,0)) -> 60
A3: 45533 | B3: LE-600 | C3: 422112 | D3: Mac | E3: 0.58680556 | F3: 0.65625 | G3: =INDEX(Products!D:D, MATCH(Table1[[#This Row],[Product]],Products!A:A,0)) -> 60
A4: 45533 | B4: LE-600 | C4: 422113 | D4: Mac | E4: 0.65625 | F4: 0.73263889 | G4: =INDEX(Products!D:D, MATCH(Table1[[#This Row],[Product]],Products!A:A,0)) -> 60
A5: 45533 | B5: LE-600 | C5: 422114 | D5: Mac | E5: 0.73263889 | F5: 0.80208333 | G5: =INDEX(Products!D:D, MATCH(Table1[[#This Row],[Product]],Products!A:A,0)) -> 60
A6: 45533 | B6: LE-600 | C6: 422115 | D6: Charlie | E6: 0.80208333 | F6: 0.86041667 | G6: =INDEX(Products!D:D, MATCH(Table1[[#This Row],[Product]],Products!A:A,0)) -> 60
A7: 45533 | B7: LE-600 | C7: 422116 | D7: Charlie | E7: 0.86041667 | F7: 0.90208333 | G7: =INDEX(Products!D:D, MATCH(Table1[[#This Row],[Product]],Products!A:A,0)) -> 60
A8: 45533 | B8: LE-600 | C8: 422117 | D8: Charlie | E8: 0.90208333 | F8: 0.95416667 | G8: =INDEX(Products!D:D, MATCH(Table1[[#This Row],[Product]],Products!A:A,0)) -> 60
A9: 45534 | B9: CO-600 | C9: 422118 | D9: Dee | E9: 0.17013889 | F9: 0.25347222 | G9: =INDEX(Products!D:D, MATCH(Table1[[#This Row],[Product]],Products!A:A,0)) -> 60
A10: 45534 | B10: CO-600 | C10: 422119 | D10: Dee | E10: 0.25347222 | F10: 0.3125 | G10: =INDEX(Products!D:D, MATCH(Table1[[#This Row],[Product]],Products!A:A,0)) -> 60
A11: 45534 | B11: CO-600 | C11: 422120 | D11: Dee | E11: 0.3125 | F11: 0.39027778 | G11: =INDEX(Products!D:D, MATCH(Table1[[#This Row],[Product]],Products!A:A,0)) -> 60
A12: 45534 | B12: CO-600 | C12: 422121 | D12: Dennis | E12: 0.39027778 | F12: 0.44236111 | G12: =INDEX(Products!D:D, MATCH(Table1[[#This Row],[Product]],Products!A:A,0)) -> 60
A13: 45534 | B13: CO-600 | C13: 422122 | D13: Dennis | E13: 0.44236111 | F13: 0.50138889 | G13: =INDEX(Products!D:D, MATCH(Table1[[#This Row],[Product]],Products!A:A,0)) -> 60
... A39: 45538 | B39: CO-2L | C39: 422148 | D39: Mac | E39: 0.95486111 | F39: 1.0451389 | G39: =INDEX(Products!D:D, MATCH(Table1[[#This Row],[Product]],Products!A:A,0)) -> 98

Sheet Products
A1: Product | B1: Flavor | C1: Size | D1: Min batch time
A2: OR-600 | B2: Orange | C2: 600 ml | D2: 60
A3: LE-600 | B3: Lemon lime | C3: 600 ml | D3: 60
A4: CO-600 | B4: Cola | C4: 600 ml | D4: 60
A5: DC-600 | B5: Diet Cola | C5: 600 ml | D5: 60
A6: RB-600 | B6: Root Beer | C6: 600 ml | D6: 60
A7: CO-2L | B7: Cola | C7: 2 L | D7: 98

Sheet Downtime factors
A1: Factor | B1: Description | C1: Operator Error
A2: 1 | B2: Emergency stop | C2: No
A3: 2 | B3: Batch change | C3: Yes
A4: 3 | B4: Labeling error | C4: No
A5: 4 | B5: Inventory shortage | C5: No
A6: 5 | B6: Product spill | C6: Yes
A7: 6 | B7: Machine adjustment | C7: Yes
A8: 7 | B8: Machine failure | C8: No
A9: 8 | B9: Batch coding error | C9: Yes
A10: 9 | B10: Conveyor belt jam | C10: No
A11: 10 | B11: Calibration error | C11: Yes
A12: 11 | B12: Label switch | C12: Yes
A13: 12 | B13: Other | C13: No

Sheet Line downtime
B1: Downtime factor
A2: Batch | B2: 1 | C2: 2 | D2: 3 | E2: 4 | F2: 5 | G2: 6 | H2: 7 | I2: 8 | J2: 9 | K2: 10 | L2: 11 | M2: 12
A3: 422111 | C3: 60 | H3: 15
A4: 422112 | C4: 20 | I4: 20
A5: 422113 | C5: 50
A6: 422114 | E6: 25 | G6: 15
A7: 422115 | K7: 24
A8: 422116
A9: 422117 | C9: 10 | G9: 5
A10: 422118 | G10: 14 | H10: 16 | L10: 10 | M10: 20
A11: 422119 | E11: 25
A12: 422120 | E12: 20 | F12: 15 | J12: 17
A13: 422121 | H13: 15
A14: 422122 | H14: 25
A15: 422123 | E15: 43 | H15: 30
A16: 422124 | F16: 20 | G16: 20
A17: 422125 | L17: 10 | M17: 10
A18: 422126 | I18: 44
A19: 422127 | G19: 23
A20: 422128 | F20: 22 | H20: 30
A21: 422129 | M21: 15
A22: 422130 | C22: 20
A23: 422131 | E23: 20 | K23: 10
A24: 422132
A25: 422133 | H25: 20
A26: 422134 | H26: 30 | I26: 20
A27: 422135 | E27: 30 | M27: 15
A28: 422136
A29: 422137 | I29: 30 | K29: 15
A30: 422138 | D30: 20
A31: 422139 | E31: 20 | G31: 15
A32: 422140 | G32: 50 | L32: 13
A33: 422141 | M33: 7
A34: 422142 | G34: 30
A35: 422143 | G35: 40 | H35: 18
A36: 422144 | G36: 30 | I36: 24
A37: 422145 | D37: 22
A38: 422146 | G38: 30 | H38: 25 | M38: 7
A39: 422147 | E39: 17 | G39: 60 | H39: 30
A40: 422148 | E40: 25 | I40: 7
